<?xml version="1.0" encoding="UTF-8"?>
<!-- The (scrappable) weight of a thing is auto-calculated from the resources here unless overridden in blocks/items.xml.
Unfortunately auto-calc only seems to work on the first (top) ingredient in the list so ammo recipes have been re-ordered as a temp fix.
-->
<recipes>
<!-- * * * * * * * * * * * * scrap and forge-emptying recipes * * * * * * * * * * * * -->
<recipe name="militaryFiber" count="1" tooltip="ttScrapMetalBrass">
	<wildcard_forge_category />
</recipe>

<recipe name="scrapPlastics" count="1" tooltip="ttScrapMetalBrass">
	<wildcard_forge_category />
</recipe>

<recipe name="electricParts" count="1" tooltip="ttScrapMetalBrass">
	<wildcard_forge_category />
</recipe>

<recipe name="electronicParts" count="1" tooltip="ttScrapMetalBrass">
	<wildcard_forge_category />
</recipe>

<recipe name="brokenGlass" count="1" tooltip="ttScrapMetalBrass" >
	<wildcard_forge_category />
</recipe>

<recipe name="clayLump" count="1" craft_area="forge" material_based="true" craft_time = "1" craft_exp_gain="0">
	<ingredient name="unit_clay" count="5"/>
</recipe>

<recipe name="cloth" count="1" tooltip="ttScrapMetalBrass">
	<wildcard_forge_category />
</recipe>

<recipe name="brokenGlass" count="1" craft_area="forge" material_based="true" craft_time = "1" craft_exp_gain="0">
	<ingredient name="unit_glass" count="5"/>
</recipe>

<recipe name="leather" count="1" tooltip="ttScrapMetalBrass">
	<wildcard_forge_category />
</recipe>

<recipe name="paper" count="1" tooltip="ttScrapMetalBrass">
	<wildcard_forge_category />
</recipe>

<recipe name="rockSmall" count="1" craft_area="forge" material_based="true" craft_time = "1" craft_exp_gain="0">
	<ingredient name="unit_stone" count="5"/>
</recipe>

<recipe name="rockSmall" count="1" tooltip="ttScrapMetalBrass">
	<wildcard_forge_category />
</recipe>

<recipe name="scrapBrass" count="1" craft_area="forge" material_based="true" craft_time = "1" craft_exp_gain="0">
	<ingredient name="unit_brass" count="1"/>
</recipe>

<recipe name="scrapBrass" count="1" tooltip="ttScrapMetalBrass">
	<wildcard_forge_category />
</recipe>

<recipe name="scrapIron" count="1" craft_area="forge" material_based="true" craft_time = "1" craft_exp_gain="0">
	<ingredient name="unit_iron" count="1"/>
</recipe>

<recipe name="scrapIron" count="1" tooltip="ttScrapMetalIron">
	<wildcard_forge_category />
</recipe>

<recipe name="scrapLead" count="1" craft_area="forge" material_based="true" craft_time = "1" craft_exp_gain="0">
	<ingredient name="unit_lead" count="1"/>
</recipe>

<recipe name="scrapLead" count="1" tooltip="ttScrapMetalLead">
	<wildcard_forge_category />
</recipe>

<recipe name="wood" count="1" tooltip="ttScrapMetalLead">
	<wildcard_forge_category />
</recipe>

<recipe name="yuccaFibers" count="1" tooltip="ttScrapMetalBrass">
	<wildcard_forge_category />
</recipe>

<!-- * * * * * * * * * * * * main recipes * * * * * * * * * * * * -->

<recipe name="bandage" count="1">
	<ingredient name="cloth" count="2"/>
</recipe>

<recipe name="bedroll" count="1">
	<ingredient name="cloth" count="35"/>
	<ingredient name="leather" count="10"/>
	<ingredient name="cottonPlant" count="15"/>
</recipe>

<recipe name="leather" count="1">
	<ingredient name="animalHide" count="2"/>
</recipe>

<recipe name="auger" count="1" craft_area="assembly">
	<ingredient name="partsHandlebars" count="1"/>
	<ingredient name="smallEngine" count="1"/>
	<ingredient name="partsAuger_parts" count="1"/>
	<ingredient name="partsAuger_blade" count="1"/>
</recipe>

<recipe name="chainsaw" count="1" craft_area="assembly">
	<ingredient name="partsHandlebars" count="1"/>
	<ingredient name="smallEngine" count="1"/>
	<ingredient name="partsChainsaw_parts" count="1"/>
	<ingredient name="partsChainsaw_blade" count="1"/>
</recipe>

<recipe name="gun44Magnum" count="1" craft_area="assembly">
	<ingredient name="flashlight02" count="0"/>
	<ingredient name="parts44Magnum_frame" count="1"/>
	<ingredient name="parts44Magnum_cylinder" count="1"/>
	<ingredient name="parts44Magnum_parts" count="1"/>
	<ingredient name="parts44Magnum_grip" count="1"/>
</recipe>

<recipe name="gunAK47" count="1" craft_area="assembly">
	<ingredient name="flashlight02" count="0"/>
	<ingredient name="partsAK47_stock" count="1"/>
	<ingredient name="partsAK47_receiver" count="1"/>
	<ingredient name="partsAK47_barrel" count="1"/>
	<ingredient name="partsAK47_parts" count="1"/>
</recipe>

<recipe name="compoundBow" count="1" craft_area="assembly">
	<ingredient name="partsCompoundBow_body" count="1"/>
	<ingredient name="partsCompoundBow_grip" count="1"/>
	<ingredient name="partsCompoundBow_parts" count="1"/>
	<ingredient name="partsCompoundBow_string" count="1"/>
</recipe>

<recipe name="gunHuntingRifle" count="1" craft_area="assembly">
	<ingredient name="flashlight02" count="0"/>
	<ingredient name="partsHuntingRifle_barrel" count="1"/>
	<ingredient name="partsHuntingRifle_stock" count="1"/>
	<ingredient name="partsHuntingRifle_receiver" count="1"/>
	<ingredient name="partsHuntingRifle_parts" count="1"/>
</recipe>

<recipe name="gunMP5" count="1" craft_area="assembly">
	<ingredient name="flashlight02" count="0"/>
	<ingredient name="partsMP5_stock" count="1"/>
	<ingredient name="partsMP5_receiver" count="1"/>
	<ingredient name="partsMP5_barrel" count="1"/>
	<ingredient name="partsMP5_parts" count="1"/>
</recipe>

<recipe name="gunPistol" count="1" craft_area="assembly">
	<ingredient name="flashlight02" count="0"/>
	<ingredient name="partsPistol_parts" count="1"/>
	<ingredient name="partsPistol_barrel" count="1"/>
	<ingredient name="partsPistol_receiver" count="1"/>
	<ingredient name="partsPistol_grip" count="1"/>
</recipe>

<recipe name="gunPumpShotgun" count="1" craft_area="assembly">
	<ingredient name="flashlight02" count="0"/>
	<ingredient name="partsPumpShotgun_barrel" count="1"/>
	<ingredient name="partsPumpShotgun_receiver" count="1"/>
	<ingredient name="partsPumpShotgun_parts" count="1"/>
	<ingredient name="partsPumpShotgun_stock" count="1"/>
</recipe>

<recipe name="gunRocketLauncher" count="1" craft_area="assembly">
	<ingredient name="flashlight02" count="0"/>
	<ingredient name="partsRocketLauncher_barrel" count="1"/>
	<ingredient name="partsRocketLauncher_receiver" count="1"/>
	<ingredient name="partsRocketLauncher_parts" count="1"/>
	<ingredient name="partsRocketLauncher_stock" count="1"/>
</recipe>

<recipe name="gunSawedOffPumpShotgun" count="1" craft_area="assembly">
	<ingredient name="flashlight02" count="0"/>
	<ingredient name="partsPumpShotgun_barrelShort" count="1"/>
	<ingredient name="partsPumpShotgun_receiver" count="1"/>
	<ingredient name="partsPumpShotgun_parts" count="1"/>
	<ingredient name="partsPumpShotgun_stockShort" count="1"/>
</recipe>

<recipe name="gunSniperRifle" count="1" craft_area="assembly">
	<ingredient name="flashlight02" count="0"/>
	<ingredient name="partsSniperRifle_barrel" count="1"/>
	<ingredient name="partsSniperRifle_receiver" count="1"/>
	<ingredient name="partsSniperRifle_stock" count="1"/>
	<ingredient name="partsSniperRifle_parts" count="1"/>
</recipe>

<recipe name="nailgun" count="1" craft_area="assembly">
	<ingredient name="partsNailgun_frame" count="1"/>
	<ingredient name="partsNailgun_receiver" count="1"/>
	<ingredient name="partsNailgun_parts" count="1"/>
	<ingredient name="partsNailgun_battery" count="1"/>
</recipe>

</recipes>

